﻿<?xml  version="1.0" encoding="UTF-8" ?>
<CustomerData>
  <GeneralInfo>
    <CSCEdition>ED001</CSCEdition>
    <Country>Kenya</Country>
    <SalesCode>KEN</SalesCode>
    <NbNetworkInfo>5</NbNetworkInfo>
    <NetworkInfo>
      <MCCMNC>63902</MCCMNC>
      <NetworkName>Safaricom</NetworkName>
    </NetworkInfo>
    <NetworkInfo>
      <MCCMNC>63903</MCCMNC>
      <NetworkName>Zain</NetworkName>
    </NetworkInfo>
    <NetworkInfo>
      <MCCMNC>63907</MCCMNC>
      <NetworkName>Orange</NetworkName>
    </NetworkInfo>
    <NetworkInfo>
      <MCCMNC>63905</MCCMNC>
      <NetworkName>Econet</NetworkName>
    </NetworkInfo>
    <NetworkInfo>
      <MCCMNC>64004</MCCMNC>
      <NetworkName>Vodacom</NetworkName>
    </NetworkInfo>
  </GeneralInfo>
  <Settings>
    <Main>
      <Phone>
        <DefLanguage>english</DefLanguage>
        <DefLanguageNoSIM>english</DefLanguageNoSIM>
      </Phone>
      <Security />
    </Main>
    <Connections>
      <NbProfileHandle>4</NbProfileHandle>
      <ProfileHandle>
        <NetworkName>Orange</NetworkName>
      </ProfileHandle>
      <ProfileHandle>
        <NetworkName>Safaricom</NetworkName>
      </ProfileHandle>
      <ProfileHandle>
        <NetworkName>Zain</NetworkName>
      </ProfileHandle>
      <ProfileHandle>
        <NetworkName>Vodacom</NetworkName>
      </ProfileHandle>
    </Connections>
  </Settings>
</CustomerData>