﻿<?xml  version="1.0" encoding="UTF-8" ?>
<CustomerData>
  <GeneralInfo>
    <CSCEdition>ED001</CSCEdition>
    <Country>Algeria</Country>
    <SalesCode>TMC</SalesCode>
    <NbNetworkInfo>3</NbNetworkInfo>
    <NetworkInfo>
      <MCCMNC>60301</MCCMNC>
      <NetworkName>Mobilis</NetworkName>
    </NetworkInfo>
    <NetworkInfo>
      <MCCMNC>60302</MCCMNC>
      <NetworkName>Djezzy</NetworkName>
    </NetworkInfo>
    <NetworkInfo>
      <MCCMNC>60303</MCCMNC>
      <NetworkName>Nedjma</NetworkName>
    </NetworkInfo>
  </GeneralInfo>
  <Settings>
    <Main>
      <Phone>
        <DefLanguage>french</DefLanguage>
        <DefLanguageNoSIM>french</DefLanguageNoSIM>
        <T9Enabling>enable</T9Enabling>
        <T9Language>french</T9Language>
        <DateTimeFormat>
          <DateFormat>ddmmyyyy</DateFormat>
          <TimeFormat>24h</TimeFormat>
        </DateTimeFormat>
      </Phone>
      <Security />
    </Main>
    <Connections>
      <NbProfileHandle>2</NbProfileHandle>
      <ProfileHandle>
        <NetworkName>Nedjma</NetworkName>
      </ProfileHandle>
      <ProfileHandle>
        <NetworkName>Djezzy</NetworkName>
      </ProfileHandle>
    </Connections>
  </Settings>
</CustomerData>