﻿<?xml  version="1.0" encoding="UTF-8" ?>
<CustomerData>
  <GeneralInfo>
    <CSCEdition>ED001</CSCEdition>
    <Country>TURKEY</Country>
    <SalesCode>TUR</SalesCode>
    <NbNetworkInfo>3</NbNetworkInfo>
    <NetworkInfo>
      <MCCMNC>28601</MCCMNC>
      <NetworkName>TR Turkcell</NetworkName>
    </NetworkInfo>
    <NetworkInfo>
      <MCCMNC>28602</MCCMNC>
      <NetworkName>VODAFONE TR</NetworkName>
    </NetworkInfo>
    <NetworkInfo>
      <MCCMNC>28603</MCCMNC>
      <NetworkName>TR AVEA</NetworkName>
    </NetworkInfo>
  </GeneralInfo>
  <Settings>
    <Main>
      <Sound>
        <RngToneAlertType>melody</RngToneAlertType>
        <ExtraSound>
          <ConnectTone>on</ConnectTone>
        </ExtraSound>
      </Sound>
      <Phone>
        <AlertOnCall>on</AlertOnCall>
        <DefLanguage>turkish</DefLanguage>
        <DefLanguageNoSIM>turkish</DefLanguageNoSIM>
        <T9Enabling>enable</T9Enabling>
        <T9Language>turkish</T9Language>
        <DateTimeFormat>
          <DateFormat>ddmmyyyy</DateFormat>
          <TimeFormat>24h</TimeFormat>
        </DateTimeFormat>
      </Phone>
      <Security />
    </Main>
    <Calendar>
      <StartDay>monday</StartDay>
    </Calendar>
    <Connections>
      <NbProfileHandle>3</NbProfileHandle>
      <ProfileHandle>
        <NetworkName>TR Turkcell</NetworkName>
      </ProfileHandle>
      <ProfileHandle>
        <NetworkName>VODAFONE TR</NetworkName>
      </ProfileHandle>
      <ProfileHandle>
        <NetworkName>TR AVEA</NetworkName>
      </ProfileHandle>
    </Connections>
  </Settings>
</CustomerData>