﻿<?xml  version="1.0" encoding="UTF-8" ?>
<CustomerData>
  <GeneralInfo>
    <CSCEdition>ED001</CSCEdition>
    <Country>Korea</Country>
    <SalesCode>KOR</SalesCode>
    <NbNetworkInfo>3</NbNetworkInfo>
    <NetworkInfo>
      <MCCMNC>45001</MCCMNC>
      <NetworkName>Gumi</NetworkName>
    </NetworkInfo>
    <NetworkInfo>
      <MCCMNC>45001</MCCMNC>
      <NetworkName>Suwon 2G</NetworkName>
    </NetworkInfo>
    <NetworkInfo>
      <MCCMNC>45001</MCCMNC>
      <NetworkName>Suwon 3G</NetworkName>
    </NetworkInfo>
  </GeneralInfo>
  <Settings>
    <Main>
      <Phone>
        <DefLanguage>automatic</DefLanguage>
        <DefLanguageNoSIM>english</DefLanguageNoSIM>
        <Shortcut>
          <UpKey>
            <ShortcutItem>profile</ShortcutItem>
          </UpKey>
          <DownKey>
            <ShortcutItem>calendar</ShortcutItem>
          </DownKey>
          <LeftKey>
            <ShortcutItem>create message</ShortcutItem>
          </LeftKey>
          <RightKey>
            <ShortcutItem>my messages</ShortcutItem>
          </RightKey>
          <CenterKey>
            <ShortcutItem>main_menu</ShortcutItem>
          </CenterKey>
          <LeftSoftkey>
            <ShortcutItem>main_menu</ShortcutItem>
          </LeftSoftkey>
          <RightSoftKey>
            <ShortcutItem>phonebook</ShortcutItem>
          </RightSoftKey>
        </Shortcut>
      </Phone>
      <Security />
    </Main>
    <Connections>
      <NbProfileHandle>3</NbProfileHandle>
      <ProfileHandle>
        <NetworkName>Gumi</NetworkName>
      </ProfileHandle>
      <ProfileHandle>
        <NetworkName>Suwon 2G</NetworkName>
      </ProfileHandle>
      <ProfileHandle>
        <NetworkName>Suwon 3G</NetworkName>
      </ProfileHandle>
    </Connections>
  </Settings>
</CustomerData>