﻿<?xml  version="1.0" encoding="UTF-8" ?>
<CustomerData>
  <GeneralInfo>
    <CSCEdition>ED001</CSCEdition>
    <Country>Nigeria</Country>
    <SalesCode>ECT</SalesCode>
    <NbNetworkInfo>4</NbNetworkInfo>
    <NetworkInfo>
      <MCCMNC>62130</MCCMNC>
      <NetworkName>MTN Nigeria</NetworkName>
    </NetworkInfo>
    <NetworkInfo>
      <MCCMNC>62150</MCCMNC>
      <NetworkName>Glo Mobile</NetworkName>
    </NetworkInfo>
    <NetworkInfo>
      <MCCMNC>62120</MCCMNC>
      <NetworkName>Zain Nigeria</NetworkName>
    </NetworkInfo>
    <NetworkInfo>
      <MCCMNC>62160</MCCMNC>
      <NetworkName>Etisalat Nigeria</NetworkName>
    </NetworkInfo>
  </GeneralInfo>
  <Settings>
    <Main>
      <Sound>
        <PowerOnTone>
          <AlertType>melody</AlertType>
        </PowerOnTone>
        <PowerOffTone>
          <AlertType>melody</AlertType>
        </PowerOffTone>
        <RngToneAlertType>melody</RngToneAlertType>
      </Sound>
      <Phone>
        <DefLanguage>english</DefLanguage>
        <DefLanguageNoSIM>english</DefLanguageNoSIM>
        <T9Language>english</T9Language>
        <DateTimeFormat>
          <DateFormat>ddmmyyyy</DateFormat>
          <TimeFormat>24h</TimeFormat>
        </DateTimeFormat>
      </Phone>
      <Security />
    </Main>
    <Connections>
      <NbProfileHandle>4</NbProfileHandle>
      <ProfileHandle>
        <NetworkName>MTN Nigeria</NetworkName>
      </ProfileHandle>
      <ProfileHandle>
        <NetworkName>Glo Mobile</NetworkName>
      </ProfileHandle>
      <ProfileHandle>
        <NetworkName>Zain Nigeria</NetworkName>
      </ProfileHandle>
      <ProfileHandle>
        <NetworkName>Etisalat Nigeria</NetworkName>
      </ProfileHandle>
    </Connections>
  </Settings>
</CustomerData>